Product_Supermarket_Identifier,Product_Supermarket_Sales
FDC15_CHUKWUDI049,5608.434
NCY06_CHUKWUDI018,4197.079
DRB24_CHUKWUDI035,6403.812
NCG54_CHUKWUDI018,5901.7505
NCA42_CHUKWUDI017,6227.226
FDY16_CHUKWUDI045,7291.7446
NCF31_CHUKWUDI045,5885.7427
DRI25_CHUKWUDI013,1933.9718
FDT28_CHUKWUDI049,6131.58
FDA16_CHUKWUDI035,9493.592
FDB33_CHUKWUDI019,
FDP27_CHUKWUDI018,6710.5107
FDW52_CHUKWUDI017,6743.599
NCN07_CHUKWUDI035,4913.5723
FDD34_CHUKWUDI013,6767.051
DRH01_CHUKWUDI027,
FDW56_CHUKWUDI017,7920.7075
FDU45_CHUKWUDI046,4602.601
NCW41_CHUKWUDI049,6337.786
FDM09_CHUKWUDI010,965.1064
FDG34_CHUKWUDI013,4245.4766
NCZ30_CHUKWUDI049,4638.055
NCF54_CHUKWUDI017,6711.2637
DRI47_CHUKWUDI018,5006.529
FDR46_CHUKWUDI017,5923.275
FDG08_CHUKWUDI017,7246.666
NCW06_CHUKWUDI018,6857.109
FDS55_CHUKWUDI035,6105.6597
FDH21_CHUKWUDI013,7388.8604
FDS43_CHUKWUDI045,7822.194
NCY54_CHUKWUDI046,6648.3384
FDP58_CHUKWUDI045,8728.939
FDF22_CHUKWUDI035,8966.208
FDD50_CHUKWUDI018,5742.5205
FDY34_CHUKWUDI049,6862.1177
NCF43_CHUKWUDI013,5566.397
NCH07_CHUKWUDI049,6157.642
FDH56_CHUKWUDI019,
DRJ24_CHUKWUDI017,7190.904
NCQ17_CHUKWUDI027,
DRJ37_CHUKWUDI027,
FDJ58_CHUKWUDI019,
FDX58_CHUKWUDI045,7436.266
FDO11_CHUKWUDI027,
FDX50_CHUKWUDI018,2977.2769
FDI32_CHUKWUDI013,4382.1987
NCF31_CHUKWUDI018,5126.8125
FDS58_CHUKWUDI013,6603.386
NCK42_CHUKWUDI045,8719.594
FDX45_CHUKWUDI017,6060.309
FDV55_CHUKWUDI046,6119.8647
FDV51_CHUKWUDI027,
FDE44_CHUKWUDI013,1570.0366
NCO05_CHUKWUDI046,4028.4639
FDS59_CHUKWUDI013,3944.4065
FDA21_CHUKWUDI018,6848.739
DRG51_CHUKWUDI017,6389.714
FDI09_CHUKWUDI045,10786.504
FDM58_CHUKWUDI010,483.48303
FDE38_CHUKWUDI027,
FDV09_CHUKWUDI049,6086.9097
FDM01_CHUKWUDI013,3686.7107
FDB28_CHUKWUDI017,7647.679
FDH34_CHUKWUDI049,7667.9624
FDZ59_CHUKWUDI049,6635.875
NCJ54_CHUKWUDI027,
FDU45_CHUKWUDI049,4436.1177
DRA24_CHUKWUDI049,6579.51
FDS16_CHUKWUDI017,5701.602
FDY04_CHUKWUDI018,5852.128
FDX26_CHUKWUDI035,6928.334
NCA42_CHUKWUDI045,6378.2334
FDQ13_CHUKWUDI013,3280.9038
NCW29_CHUKWUDI013,5045.3726
FDE16_CHUKWUDI019,
FDR55_CHUKWUDI046,7917.5317
FDG32_CHUKWUDI019,
FDR44_CHUKWUDI018,4576.9805
FDB56_CHUKWUDI035,7916.258
NCO53_CHUKWUDI027,
FDJ21_CHUKWUDI018,5169.7954
FDS57_CHUKWUDI049,5632.372
FDM08_CHUKWUDI017,9483.282
FDK20_CHUKWUDI046,5285.9204
DRJ01_CHUKWUDI027,
FDJ52_CHUKWUDI035,6783.3623
DRK11_CHUKWUDI018,5351.3794
DRG11_CHUKWUDI046,4531.0435
FDQ11_CHUKWUDI027,
FDO50_CHUKWUDI049,3494.4973
DRM59_CHUKWUDI017,6235.4897
FDA10_CHUKWUDI019,
DRF27_CHUKWUDI018,5083.3916
FDT51_CHUKWUDI018,3582.087
FDK60_CHUKWUDI049,3478.6714
FDX26_CHUKWUDI027,
FDK22_CHUKWUDI035,9253.031
FDV35_CHUKWUDI035,5819.042
FDD20_CHUKWUDI046,5320.873
FDA22_CHUKWUDI046,7111.2124
FDS57_CHUKWUDI046,5843.672
FDX19_CHUKWUDI035,9881.73
FDR27_CHUKWUDI017,4847.9824
FDZ20_CHUKWUDI035,10899.963
NCV42_CHUKWUDI010,381.00845
FDW50_CHUKWUDI019,
FDT11_CHUKWUDI046,7670.1274
FDT56_CHUKWUDI010,220.96495
FDE58_CHUKWUDI049,4636.0923
FDY55_CHUKWUDI027,
FDT39_CHUKWUDI035,6197.3726
FDU20_CHUKWUDI049,5027.566
FDT60_CHUKWUDI046,4914.7827
FDZ01_CHUKWUDI013,4213.1636
FDS46_CHUKWUDI049,4772.4155
FDK33_CHUKWUDI027,
NCV41_CHUKWUDI013,4229.846
FDM28_CHUKWUDI019,
FDX22_CHUKWUDI035,8999.297
DRM47_CHUKWUDI027,
FDF47_CHUKWUDI049,9226.018
NCD54_CHUKWUDI049,5628.5474
FDK50_CHUKWUDI013,6745.2983
FDI20_CHUKWUDI019,
FDB40_CHUKWUDI045,5458.958
FDW56_CHUKWUDI046,8272.235
FDY51_CHUKWUDI027,
FDR37_CHUKWUDI035,7397.5522
FDO24_CHUKWUDI027,
FDB56_CHUKWUDI049,7877.9243
FDD04_CHUKWUDI017,5070.3237
DRB13_CHUKWUDI035,7975.038
FDE22_CHUKWUDI010,853.2924
FDE45_CHUKWUDI019,
NCP18_CHUKWUDI045,5803.558
FDX33_CHUKWUDI035,6378.0806
FDW26_CHUKWUDI035,8690.934
FDA08_CHUKWUDI019,
FDT15_CHUKWUDI049,7451.31
FDA43_CHUKWUDI017,8159.2095
FDZ25_CHUKWUDI027,
FDA34_CHUKWUDI018,6633.356
FDV39_CHUKWUDI019,
FDJ04_CHUKWUDI046,4657.5366
FDR10_CHUKWUDI013,6695.14
NCI54_CHUKWUDI018,3410.688
NCT42_CHUKWUDI049,5992.278
FDR09_CHUKWUDI045,10571.07
FDF10_CHUKWUDI045,5449.0835
FDZ33_CHUKWUDI013,5953.4517
FDY31_CHUKWUDI035,6286.998
NCP05_CHUKWUDI018,5200.698
FDA34_CHUKWUDI027,
NCP17_CHUKWUDI010,291.84055
NCO26_CHUKWUDI046,4505.7925
FDK25_CHUKWUDI019,
FDN27_CHUKWUDI018,3723.399
FDY04_CHUKWUDI045,6637.0835
NCV41_CHUKWUDI010,518.57904
FDV57_CHUKWUDI046,7488.976
FDW32_CHUKWUDI010,384.18683
NCT30_CHUKWUDI010,168.079
FDI15_CHUKWUDI019,
FDV25_CHUKWUDI019,
FDL46_CHUKWUDI013,4548.739
FDL22_CHUKWUDI013,3483.048
FDJ04_CHUKWUDI049,4413.454
FDH46_CHUKWUDI013,4047.1597
FDS01_CHUKWUDI045,7281.697
FDM24_CHUKWUDI027,
FDT23_CHUKWUDI013,2505.2036
FDJ22_CHUKWUDI035,8013.903
NCL53_CHUKWUDI027,
NCY54_CHUKWUDI049,6562.1206
FDW45_CHUKWUDI049,5882.0093
FDL04_CHUKWUDI049,3936.5532
FDC34_CHUKWUDI049,5938.4673
FDQ40_CHUKWUDI027,
FDE36_CHUKWUDI035,6744.681
NCH06_CHUKWUDI017,9943.0
FDN23_CHUKWUDI045,5384.8335
NCZ18_CHUKWUDI035,10143.253
NCO54_CHUKWUDI013,1846.877
NCK29_CHUKWUDI017,4371.2153
FDR34_CHUKWUDI017,9476.608
FDZ58_CHUKWUDI046,4994.6597
FDG20_CHUKWUDI018,6486.939
FDN15_CHUKWUDI019,
FDY51_CHUKWUDI049,8996.428
FDH27_CHUKWUDI046,5503.6206
FDS44_CHUKWUDI019,
FDT09_CHUKWUDI017,5187.145
NCT17_CHUKWUDI017,7543.965
FDN60_CHUKWUDI019,
FDU56_CHUKWUDI046,7818.472
FDB22_CHUKWUDI027,
FDT58_CHUKWUDI018,6022.7886
FDK46_CHUKWUDI045,10735.457
FDJ21_CHUKWUDI049,5862.236
FDV09_CHUKWUDI018,5389.456
DRF36_CHUKWUDI018,6910.5586
FDB53_CHUKWUDI049,5728.7593
FDP07_CHUKWUDI035,8130.3364
FDI20_CHUKWUDI027,
NCE30_CHUKWUDI019,
NCM26_CHUKWUDI045,5678.393
FDN57_CHUKWUDI035,5733.8354
FDR32_CHUKWUDI019,
FDB21_CHUKWUDI035,10076.896
FDV24_CHUKWUDI049,6196.7983
FDY15_CHUKWUDI035,5513.03
NCQ06_CHUKWUDI045,10348.74
FDQ28_CHUKWUDI017,6171.03
DRM23_CHUKWUDI035,6679.5938
FDS16_CHUKWUDI027,
NCX05_CHUKWUDI018,3386.2607
DRJ59_CHUKWUDI010,168.07225
FDL03_CHUKWUDI027,
FDO33_CHUKWUDI018,3674.227
FDE46_CHUKWUDI046,6401.3716
FDM13_CHUKWUDI035,5229.792
FDY33_CHUKWUDI049,6412.857
FDR52_CHUKWUDI018,7072.9224
FDJ60_CHUKWUDI045,6431.982
DRF23_CHUKWUDI035,7035.022
FDF12_CHUKWUDI018,5045.99
FDX20_CHUKWUDI017,9658.628
FDF57_CHUKWUDI019,
FDQ28_CHUKWUDI027,
FDB46_CHUKWUDI045,8574.096
FDX20_CHUKWUDI049,9704.939
FDI26_CHUKWUDI049,7376.9795
FDU43_CHUKWUDI027,
FDQ16_CHUKWUDI049,4350.863
FDO52_CHUKWUDI046,7254.5444
NCF18_CHUKWUDI045,7397.596
FDF08_CHUKWUDI013,3457.7578
FDV51_CHUKWUDI046,6801.2744
FDM27_CHUKWUDI049,5930.7417
FDX09_CHUKWUDI035,7312.575
FDI52_CHUKWUDI017,4611.0024
FDR44_CHUKWUDI049,5308.414
FDV34_CHUKWUDI013,2864.8555
FDA21_CHUKWUDI049,7718.634
FDI19_CHUKWUDI045,10092.859
NCR17_CHUKWUDI013,4428.225
FDS04_CHUKWUDI046,5556.5474
FDW07_CHUKWUDI049,3234.6577
FDK38_CHUKWUDI049,6109.268
FDS32_CHUKWUDI046,5992.3286
FDI07_CHUKWUDI049,8111.985
FDS35_CHUKWUDI013,1865.5112
FDC45_CHUKWUDI027,
FDE46_CHUKWUDI035,6330.862
FDB36_CHUKWUDI035,5435.6846
FDI45_CHUKWUDI046,7562.879
FDU40_CHUKWUDI018,7260.2847
FDX52_CHUKWUDI017,7990.5825
FDO58_CHUKWUDI049,6775.6465
FDA32_CHUKWUDI019,
NCO42_CHUKWUDI017,5656.5093
NCP43_CHUKWUDI046,7165.3423
FDA47_CHUKWUDI027,
NCN05_CHUKWUDI018,6635.306
FDA45_CHUKWUDI035,7019.957
FDZ33_CHUKWUDI018,5011.0728
NCP43_CHUKWUDI018,6086.105
FDN32_CHUKWUDI018,6984.896
FDY03_CHUKWUDI013,4119.5073
NCJ05_CHUKWUDI035,6077.395
NCN14_CHUKWUDI049,6904.356
NCH54_CHUKWUDI010,766.5495
FDJ60_CHUKWUDI049,6621.3267
FDJ58_CHUKWUDI010,1013.5026
NCJ05_CHUKWUDI046,6247.1665
FDI24_CHUKWUDI045,7078.722
FDP44_CHUKWUDI046,4107.78
FDC46_CHUKWUDI017,7238.262
FDI45_CHUKWUDI018,6575.068
DRI37_CHUKWUDI010,227.5044
FDT55_CHUKWUDI027,
DRL60_CHUKWUDI010,819.275
FDD29_CHUKWUDI027,
FDQ52_CHUKWUDI027,
FDF16_CHUKWUDI049,5918.3706
FDK03_CHUKWUDI017,10126.839
FDO08_CHUKWUDI019,
FDT40_CHUKWUDI017,4842.839
FDW47_CHUKWUDI013,4412.857
NCN43_CHUKWUDI049,4638.057
FDA56_CHUKWUDI046,5351.486
NCV54_CHUKWUDI046,4836.844
NCI17_CHUKWUDI013,3325.7188
NCS54_CHUKWUDI027,
DRC49_CHUKWUDI035,5797.725
DRH01_CHUKWUDI017,6607.93
FDI14_CHUKWUDI049,5643.6304
NCR05_CHUKWUDI035,8118.234
NCQ05_CHUKWUDI017,5906.721
DRK11_CHUKWUDI019,
NCP06_CHUKWUDI010,677.70764
NCT18_CHUKWUDI035,7314.0474
FDU34_CHUKWUDI049,4760.5493
NCX41_CHUKWUDI049,8570.332
FDJ20_CHUKWUDI049,4841.3774
DRD24_CHUKWUDI017,5473.325
FDF33_CHUKWUDI018,4387.937
FDH20_CHUKWUDI013,3857.7869
FDA43_CHUKWUDI027,
FDM08_CHUKWUDI049,9473.224
DRL49_CHUKWUDI049,5634.9556
FDY12_CHUKWUDI010,183.86513
FDV24_CHUKWUDI045,5841.726
FDS48_CHUKWUDI010,752.07324
NCC31_CHUKWUDI010,691.1106
NCA18_CHUKWUDI013,4362.4766
NCE54_CHUKWUDI013,2554.812
DRL01_CHUKWUDI035,9527.393
FDR26_CHUKWUDI046,6927.2925
FDY26_CHUKWUDI018,7655.879
FDA47_CHUKWUDI045,6651.482
FDX33_CHUKWUDI027,
NCI54_CHUKWUDI046,4198.1235
FDA50_CHUKWUDI013,3144.1997
FDH60_CHUKWUDI049,8070.296
FDG14_CHUKWUDI027,
FDO34_CHUKWUDI035,7015.0435
FDU04_CHUKWUDI018,4342.1865
FDQ01_CHUKWUDI035,10418.4375
FDM39_CHUKWUDI049,6989.8774
FDH10_CHUKWUDI027,
FDM28_CHUKWUDI049,7310.2744
FDS27_CHUKWUDI019,
FDA35_CHUKWUDI046,4904.271
NCT18_CHUKWUDI017,7009.0825
FDN34_CHUKWUDI019,
FDN21_CHUKWUDI013,6464.429
NCE42_CHUKWUDI027,
FDI56_CHUKWUDI010,396.48196
FDN51_CHUKWUDI035,10922.514
NCX29_CHUKWUDI019,
FDQ46_CHUKWUDI046,4527.6606
FDN21_CHUKWUDI035,6563.0522
FDA07_CHUKWUDI018,4383.403
DRK11_CHUKWUDI035,6183.2183
FDS59_CHUKWUDI019,
NCX29_CHUKWUDI010,800.69934
NCK29_CHUKWUDI049,4614.1777
NCH06_CHUKWUDI045,9939.483
FDN60_CHUKWUDI046,6490.7827
NCM43_CHUKWUDI010,788.11633
FDY43_CHUKWUDI018,6197.783
NCM26_CHUKWUDI017,5708.5713
FDX11_CHUKWUDI018,6451.6494
FDJ10_CHUKWUDI018,4810.942
NCB18_CHUKWUDI013,3154.2822
FDH46_CHUKWUDI049,4092.1245
DRJ13_CHUKWUDI018,5541.1772
NCP53_CHUKWUDI027,
FDA25_CHUKWUDI046,4032.3762
FDR12_CHUKWUDI027,
FDG53_CHUKWUDI035,5743.8335
FDI32_CHUKWUDI049,4194.806
FDF10_CHUKWUDI013,5711.9897
DRF23_CHUKWUDI049,6784.607
FDV04_CHUKWUDI035,6357.433
NCS06_CHUKWUDI019,
FDU14_CHUKWUDI045,9905.197
FDK32_CHUKWUDI049,6323.6074
NCP14_CHUKWUDI013,3731.7268
FDE47_CHUKWUDI035,5380.336
FDG56_CHUKWUDI013,2261.1511
NCU05_CHUKWUDI010,361.78696
FDI41_CHUKWUDI035,5947.7983
DRI51_CHUKWUDI027,
NCJ30_CHUKWUDI035,6729.594
NCO17_CHUKWUDI018,3781.6426
FDO60_CHUKWUDI010,175.27968
FDB17_CHUKWUDI049,7435.84
NCP18_CHUKWUDI049,5892.8735
DRN37_CHUKWUDI017,6430.602
FDY28_CHUKWUDI017,8571.705
FDM36_CHUKWUDI035,7051.309
DRJ13_CHUKWUDI010,882.6305
FDY25_CHUKWUDI046,7763.608
FDH05_CHUKWUDI035,9668.329
NCA42_CHUKWUDI013,6482.178
FDF14_CHUKWUDI045,6224.0815
FDN04_CHUKWUDI045,7357.221
FDJ44_CHUKWUDI035,7234.697
FDJ02_CHUKWUDI019,
FDE16_CHUKWUDI027,
FDB20_CHUKWUDI013,3087.025
FDF34_CHUKWUDI027,
NCZ42_CHUKWUDI035,9894.334
DRG03_CHUKWUDI013,5835.5493
FDP36_CHUKWUDI013,1766.7446
FDA35_CHUKWUDI049,4844.3296
NCL30_CHUKWUDI046,5006.146
FDV01_CHUKWUDI010,921.18365
FDB57_CHUKWUDI017,9287.205
DRJ47_CHUKWUDI027,
FDU19_CHUKWUDI018,6579.801
FDQ14_CHUKWUDI018,4831.3247
NCU29_CHUKWUDI046,6032.795
FDL38_CHUKWUDI013,3571.4778
FDA08_CHUKWUDI013,6913.357
FDF08_CHUKWUDI010,379.89706
FDM51_CHUKWUDI049,3880.3186
NCQ41_CHUKWUDI018,7070.852
FDW02_CHUKWUDI046,4843.8745
FDR46_CHUKWUDI046,5842.2993
FDR51_CHUKWUDI017,5518.3403
FDM39_CHUKWUDI018,6196.231
NCD55_CHUKWUDI010,168.07225
DRI03_CHUKWUDI018,6283.18
FDT55_CHUKWUDI017,6450.3726
FDW45_CHUKWUDI013,6041.7417
FDC21_CHUKWUDI018,3722.4668
FDT01_CHUKWUDI045,8254.508
NCA17_CHUKWUDI046,6159.7114
FDY15_CHUKWUDI017,5354.8433
DRL35_CHUKWUDI010,168.07225
FDU36_CHUKWUDI013,3910.402
FDD35_CHUKWUDI013,5042.666
FDD05_CHUKWUDI019,
FDE58_CHUKWUDI013,4653.508
DRL01_CHUKWUDI027,
FDG21_CHUKWUDI045,6911.0166
FDS14_CHUKWUDI017,5979.429
FDX56_CHUKWUDI049,8949.284
DRG03_CHUKWUDI018,5062.2354
DRI51_CHUKWUDI035,6744.603
FDV19_CHUKWUDI049,6754.152
FDJ44_CHUKWUDI045,6994.22
FDP34_CHUKWUDI019,
FDS28_CHUKWUDI013,2091.405
FDP07_CHUKWUDI018,7281.459
FDO25_CHUKWUDI018,7712.756
NCC30_CHUKWUDI049,7101.7134
FDO34_CHUKWUDI018,6051.1665
DRH23_CHUKWUDI013,1542.2335
DRF13_CHUKWUDI045,5648.738
FDF04_CHUKWUDI045,10755.248
FDX58_CHUKWUDI017,7374.934
FDS33_CHUKWUDI049,3268.2754
DRN47_CHUKWUDI046,7556.4
FDR10_CHUKWUDI035,6829.0815
FDY60_CHUKWUDI010,695.451
FDR27_CHUKWUDI049,5077.686
FDD36_CHUKWUDI049,4815.372
FDZ58_CHUKWUDI019,
FDD05_CHUKWUDI049,4886.027
FDF57_CHUKWUDI045,6911.921
FDB12_CHUKWUDI018,3126.1738
FDP20_CHUKWUDI013,5231.095
FDY34_CHUKWUDI027,
FDR49_CHUKWUDI010,210.1238
FDV45_CHUKWUDI046,7857.7925
FDC03_CHUKWUDI017,7598.75
FDJ41_CHUKWUDI017,11001.353
DRB25_CHUKWUDI013,4037.333
FDG46_CHUKWUDI010,496.37463
DRF60_CHUKWUDI017,9615.879
FDF52_CHUKWUDI018,6781.883
FDA51_CHUKWUDI013,3706.565
FDD23_CHUKWUDI049,7886.581
NCZ54_CHUKWUDI049,6242.7837
NCT41_CHUKWUDI045,5888.2964
FDY56_CHUKWUDI049,9574.626
FDY28_CHUKWUDI035,9257.346
NCN18_CHUKWUDI018,3290.879
FDV02_CHUKWUDI027,
FDF57_CHUKWUDI027,
FDU08_CHUKWUDI013,4170.561
FDG33_CHUKWUDI010,1105.3672
FDY38_CHUKWUDI017,9069.712
DRL23_CHUKWUDI013,4119.146
NCS30_CHUKWUDI010,487.22015
NCA30_CHUKWUDI049,7323.416
FDI46_CHUKWUDI045,10385.545
FDZ20_CHUKWUDI045,10820.246
FDP58_CHUKWUDI049,9340.292
FDE04_CHUKWUDI035,7658.2144
NCU18_CHUKWUDI046,5559.599
DRH01_CHUKWUDI045,6661.1553
NCN55_CHUKWUDI035,9927.947
FDQ39_CHUKWUDI049,7621.0786
NCZ06_CHUKWUDI027,
FDV57_CHUKWUDI018,6738.395
FDX24_CHUKWUDI046,3892.1008
DRD24_CHUKWUDI018,4817.531
FDF59_CHUKWUDI049,5148.238
NCM31_CHUKWUDI018,4365.1743
FDY25_CHUKWUDI017,7400.2515
FDA47_CHUKWUDI017,6374.7163
FDR02_CHUKWUDI017,3966.1228
FDG38_CHUKWUDI013,3207.7507
FDD40_CHUKWUDI035,7700.919
NCX05_CHUKWUDI017,4161.803
FDF29_CHUKWUDI035,5465.825
NCV54_CHUKWUDI013,4482.6416
FDH53_CHUKWUDI010,335.70755
FDQ10_CHUKWUDI019,
NCC18_CHUKWUDI046,6686.8174
NCL42_CHUKWUDI017,9828.003
FDT10_CHUKWUDI013,2095.7002
FDG02_CHUKWUDI046,8205.63
FDI35_CHUKWUDI035,7858.543
DRN11_CHUKWUDI046,5649.761
FDS22_CHUKWUDI013,1530.3926
FDQ24_CHUKWUDI017,10341.82
FDA32_CHUKWUDI049,9208.316
FDP24_CHUKWUDI049,4586.7915
FDJ46_CHUKWUDI027,
DRP47_CHUKWUDI017,9932.0
NCH07_CHUKWUDI013,6159.931
FDN15_CHUKWUDI010,787.0981
FDD34_CHUKWUDI035,6795.368
FDG24_CHUKWUDI013,3355.81
NCY42_CHUKWUDI045,5628.4624
FDU46_CHUKWUDI013,3396.5898
NCA17_CHUKWUDI017,5768.4907
FDQ45_CHUKWUDI046,7972.6533
NCO06_CHUKWUDI013,820.9038
NCD07_CHUKWUDI013,4368.735
FDL51_CHUKWUDI049,8416.021
FDF21_CHUKWUDI027,
FDT37_CHUKWUDI035,10842.338
FDU28_CHUKWUDI046,7895.562
DRA59_CHUKWUDI049,7214.175
NCW54_CHUKWUDI013,1748.8601
FDR35_CHUKWUDI027,
FDP19_CHUKWUDI046,5066.69
FDK25_CHUKWUDI035,6499.9985
FDI52_CHUKWUDI013,4660.4663
FDA40_CHUKWUDI013,3288.9158
FDO25_CHUKWUDI035,8596.764
NCX54_CHUKWUDI010,367.55765
NCP29_CHUKWUDI010,287.01538
FDH35_CHUKWUDI013,6764.7
NCY53_CHUKWUDI013,4253.941
NCO29_CHUKWUDI049,6656.9297
FDZ31_CHUKWUDI027,
FDX16_CHUKWUDI046,6194.197
FDU34_CHUKWUDI018,4025.3745
FDP51_CHUKWUDI018,3718.021
NCO42_CHUKWUDI035,5767.3696
FDM24_CHUKWUDI017,6031.648
FDS46_CHUKWUDI017,4538.8555
FDJ52_CHUKWUDI049,6674.0044
FDY46_CHUKWUDI027,
FDS07_CHUKWUDI017,4364.852
FDS10_CHUKWUDI027,
FDB33_CHUKWUDI049,6687.012
NCC19_CHUKWUDI027,
FDC45_CHUKWUDI045,6798.365
FDL51_CHUKWUDI035,8595.695
FDQ10_CHUKWUDI045,7024.728
FDQ01_CHUKWUDI017,10169.877
DRG11_CHUKWUDI010,413.5958
FDX15_CHUKWUDI013,6058.6772
FDI52_CHUKWUDI018,3874.6194
NCH55_CHUKWUDI010,482.2391
FDL33_CHUKWUDI027,
FDZ12_CHUKWUDI010,706.2824
FDC22_CHUKWUDI046,8006.6333
FDX31_CHUKWUDI045,9948.0205
FDR13_CHUKWUDI049,4668.9243
FDW38_CHUKWUDI010,188.08583
FDV46_CHUKWUDI049,5757.572
NCK30_CHUKWUDI035,10516.883
NCL30_CHUKWUDI049,4899.822
NCE07_CHUKWUDI035,5736.212
FDV02_CHUKWUDI049,6631.265
FDB58_CHUKWUDI035,5997.0054
FDO57_CHUKWUDI010,904.88153
FDC44_CHUKWUDI013,4315.109
FDA35_CHUKWUDI017,4779.9814
FDG60_CHUKWUDI035,9779.43
FDC10_CHUKWUDI017,4642.0728
FDO27_CHUKWUDI046,3276.3452
FDZ59_CHUKWUDI027,
FDX48_CHUKWUDI017,6115.9062
NCU30_CHUKWUDI018,5928.437
FDD52_CHUKWUDI013,3479.225
FDK60_CHUKWUDI046,3954.9858
FDR01_CHUKWUDI027,
FDW49_CHUKWUDI017,7146.119
FDP09_CHUKWUDI018,8005.5317
FDV37_CHUKWUDI035,8282.925
DRG48_CHUKWUDI018,5205.031
FDD39_CHUKWUDI027,
FDT49_CHUKWUDI046,4157.644
FDT19_CHUKWUDI045,6913.8374
NCL54_CHUKWUDI045,6760.6665
FDR22_CHUKWUDI010,496.44443
NCN07_CHUKWUDI010,545.36084
FDT34_CHUKWUDI046,3890.937
FDP19_CHUKWUDI035,5000.7188
DRL35_CHUKWUDI013,1450.1483
DRD60_CHUKWUDI035,7451.977
DRI03_CHUKWUDI019,
FDA02_CHUKWUDI013,5427.2485
NCU30_CHUKWUDI035,6668.4927
FDU38_CHUKWUDI017,7408.4663
FDO13_CHUKWUDI013,6692.8228
NCW30_CHUKWUDI035,10971.194
FDB27_CHUKWUDI049,7776.102
FDU40_CHUKWUDI035,8137.767
FDZ32_CHUKWUDI018,3504.9832
NCV05_CHUKWUDI046,6342.0713
NCB30_CHUKWUDI045,7976.2275
NCC18_CHUKWUDI049,6407.7935
NCM19_CHUKWUDI046,4140.1855
FDD29_CHUKWUDI035,10922.867
FDT26_CHUKWUDI046,4342.735
NCC31_CHUKWUDI049,6322.8423
FDZ55_CHUKWUDI035,6907.69
FDQ27_CHUKWUDI046,4050.718
FDJ34_CHUKWUDI013,4924.369
FDC15_CHUKWUDI017,5373.284
FDG38_CHUKWUDI010,358.6732
FDJ03_CHUKWUDI013,1217.8909
NCJ30_CHUKWUDI046,6808.9683
FDB23_CHUKWUDI019,
NCS18_CHUKWUDI046,4234.5806
FDX39_CHUKWUDI027,
FDY33_CHUKWUDI035,6697.38
NCX41_CHUKWUDI018,7830.9854
NCV06_CHUKWUDI035,7794.918
NCW17_CHUKWUDI046,5169.01
FDC47_CHUKWUDI019,
FDX36_CHUKWUDI049,9050.578
FDX09_CHUKWUDI027,
NCG55_CHUKWUDI017,4348.887
FDR48_CHUKWUDI049,5911.1562
NCK29_CHUKWUDI019,
DRG37_CHUKWUDI035,6318.266
FDL57_CHUKWUDI035,10881.456
NCE06_CHUKWUDI027,
NCV06_CHUKWUDI017,7637.7075
DRI51_CHUKWUDI018,5919.848
FDK33_CHUKWUDI019,
FDL24_CHUKWUDI027,
NCU18_CHUKWUDI017,5314.0024
FDB36_CHUKWUDI045,5105.473
FDF22_CHUKWUDI018,8037.472
DRQ35_CHUKWUDI049,4848.603
FDP26_CHUKWUDI046,3628.731
FDW08_CHUKWUDI049,3930.5532
NCS42_CHUKWUDI046,3468.8677
NCQ17_CHUKWUDI010,903.7048
NCO53_CHUKWUDI049,7399.928
DRO47_CHUKWUDI010,441.01865
FDX34_CHUKWUDI046,5009.521
FDW24_CHUKWUDI010,176.79588
FDW45_CHUKWUDI045,5902.6367
FDH44_CHUKWUDI045,6053.3374
DRG51_CHUKWUDI010,805.0834
NCH30_CHUKWUDI049,4258.107
FDQ19_CHUKWUDI027,
FDI24_CHUKWUDI019,
FDB53_CHUKWUDI035,5874.4565
NCK29_CHUKWUDI013,4568.886
FDJ56_CHUKWUDI049,3663.9226
FDN22_CHUKWUDI017,10108.408
FDT14_CHUKWUDI013,4104.4766
NCZ06_CHUKWUDI019,
FDU19_CHUKWUDI046,7503.465
FDB41_CHUKWUDI010,198.60599
FDL40_CHUKWUDI013,3917.5872
DRG11_CHUKWUDI018,3343.6838
FDN40_CHUKWUDI035,6410.1035
FDC50_CHUKWUDI010,430.0516
DRE27_CHUKWUDI013,3102.0674
FDS23_CHUKWUDI019,
FDD36_CHUKWUDI018,4054.2627
FDA03_CHUKWUDI013,5423.394
FDY32_CHUKWUDI019,
FDI41_CHUKWUDI046,6151.79
FDW20_CHUKWUDI013,5112.1406
FDU26_CHUKWUDI049,4360.4766
FDY44_CHUKWUDI045,8288.601
FDS04_CHUKWUDI017,5365.2554
FDX21_CHUKWUDI046,4473.4165
FDA07_CHUKWUDI013,5193.8687
FDP24_CHUKWUDI046,4708.9917
FDE24_CHUKWUDI045,5430.597
FDQ58_CHUKWUDI046,6602.248
FDR10_CHUKWUDI017,6526.8237
NCB54_CHUKWUDI018,4139.328
FDB12_CHUKWUDI049,3964.9475
FDW08_CHUKWUDI018,3287.7861
DRJ49_CHUKWUDI017,4980.4614
NCN42_CHUKWUDI027,
FDP34_CHUKWUDI035,6539.6226
FDM21_CHUKWUDI035,10913.783
DRD25_CHUKWUDI019,
NCK18_CHUKWUDI045,6555.2065
FDS21_CHUKWUDI010,253.60576
FDM21_CHUKWUDI045,10646.128
FDF38_CHUKWUDI013,1496.0203
NCP41_CHUKWUDI013,4172.269
NCE30_CHUKWUDI045,8515.036
DRK23_CHUKWUDI027,
DRF27_CHUKWUDI049,5869.4253
FDW10_CHUKWUDI010,1041.9539
FDF17_CHUKWUDI045,8163.0205
FDK58_CHUKWUDI049,4019.4553
FDV57_CHUKWUDI045,7353.557
FDG46_CHUKWUDI013,4578.9575
FDK02_CHUKWUDI017,4424.512
FDE08_CHUKWUDI027,
FDW19_CHUKWUDI010,507.08588
FDC34_CHUKWUDI045,5827.4487
NCL29_CHUKWUDI035,6238.1743
FDO40_CHUKWUDI046,6282.874
FDP07_CHUKWUDI045,8059.0757
NCS41_CHUKWUDI027,
FDN20_CHUKWUDI046,7166.579
FDD36_CHUKWUDI010,509.16064
FDX23_CHUKWUDI013,3734.6616
NCE43_CHUKWUDI035,6674.081
FDW27_CHUKWUDI049,5912.9233
FDQ32_CHUKWUDI019,
NCN53_CHUKWUDI010,181.76149
FDT10_CHUKWUDI010,239.8184
DRD25_CHUKWUDI049,4333.69
NCP18_CHUKWUDI035,6059.188
FDC44_CHUKWUDI017,4150.761
NCN41_CHUKWUDI013,4766.2817
FDJ46_CHUKWUDI018,6386.795
DRF36_CHUKWUDI045,7608.459
DRZ24_CHUKWUDI017,4371.057
FDX49_CHUKWUDI045,9458.136
FDI28_CHUKWUDI013,3100.9683
FDL34_CHUKWUDI049,5711.3706
FDH14_CHUKWUDI019,
FDJ07_CHUKWUDI010,565.64136
FDT21_CHUKWUDI027,
FDA15_CHUKWUDI017,10034.998
FDP09_CHUKWUDI019,
DRM59_CHUKWUDI013,6409.0566
FDI19_CHUKWUDI027,
FDO19_CHUKWUDI010,189.05067
NCK53_CHUKWUDI010,465.46396
DRG23_CHUKWUDI035,6144.63
FDG58_CHUKWUDI035,6360.096
NCC42_CHUKWUDI013,5469.8237
FDM08_CHUKWUDI045,9366.494
FDZ16_CHUKWUDI027,
FDK43_CHUKWUDI018,4327.078
FDJ58_CHUKWUDI046,6964.482
FDZ31_CHUKWUDI035,7896.142
FDH26_CHUKWUDI046,5912.353
FDS58_CHUKWUDI049,6653.772
DRB13_CHUKWUDI017,7815.273
FDL04_CHUKWUDI013,3943.3264
FDV45_CHUKWUDI019,
FDH21_CHUKWUDI035,7382.7886
FDC09_CHUKWUDI010,457.87045
NCB30_CHUKWUDI049,7969.9053
FDD44_CHUKWUDI017,10792.629
FDX16_CHUKWUDI035,6030.2593
NCP05_CHUKWUDI035,6151.2456
NCA17_CHUKWUDI045,5712.4727
FDW34_CHUKWUDI017,10037.229
NCY53_CHUKWUDI018,3315.8735
FDF35_CHUKWUDI049,4084.3767
FDV52_CHUKWUDI049,4510.694
NCK18_CHUKWUDI010,798.26733
DRF03_CHUKWUDI013,842.35004
NCF54_CHUKWUDI046,6952.5015
FDE16_CHUKWUDI045,8620.23
FDI21_CHUKWUDI010,240.85176
FDJ22_CHUKWUDI018,7107.4165
NCB43_CHUKWUDI035,7407.933
FDC46_CHUKWUDI027,
FDA09_CHUKWUDI035,7125.012
FDS01_CHUKWUDI019,
FDX58_CHUKWUDI035,7628.0596
FDW15_CHUKWUDI027,
FDM45_CHUKWUDI013,4691.8843
FDW04_CHUKWUDI045,5205.674
FDZ08_CHUKWUDI010,327.45032
DRK13_CHUKWUDI018,7132.2183
DRE49_CHUKWUDI046,6139.7026
NCO18_CHUKWUDI046,7436.546
FDB08_CHUKWUDI046,6950.8003
FDH14_CHUKWUDI045,5616.509
FDV48_CHUKWUDI013,2997.1619
FDY03_CHUKWUDI010,542.91736
FDH57_CHUKWUDI035,5541.94
FDY31_CHUKWUDI027,
DRN37_CHUKWUDI035,6655.192
FDN39_CHUKWUDI010,1009.0898
FDK43_CHUKWUDI013,4963.9233
FDZ21_CHUKWUDI013,3761.5632
DRC12_CHUKWUDI046,7860.719
DRC24_CHUKWUDI017,6003.3887
DRK37_CHUKWUDI045,7788.926
NCK19_CHUKWUDI045,7341.518
FDH10_CHUKWUDI019,
FDW44_CHUKWUDI017,7073.905
NCM43_CHUKWUDI018,5443.4653
NCY18_CHUKWUDI010,862.31647
FDJ26_CHUKWUDI045,8644.415
FDL34_CHUKWUDI018,4878.5015
FDR25_CHUKWUDI017,10711.226
NCM43_CHUKWUDI049,6295.848
NCO53_CHUKWUDI018,6156.758
FDX55_CHUKWUDI035,9194.648
FDS01_CHUKWUDI018,6583.8286
FDO37_CHUKWUDI017,9490.964
FDX55_CHUKWUDI017,9077.623
FDB38_CHUKWUDI018,5696.85
FDX50_CHUKWUDI046,3924.1157
DRE25_CHUKWUDI049,3271.0278
FDF59_CHUKWUDI017,5320.0317
DRO47_CHUKWUDI046,4726.4604
FDW50_CHUKWUDI035,6447.3774
NCA05_CHUKWUDI049,5910.5366
FDG47_CHUKWUDI017,11008.115
FDD52_CHUKWUDI018,2724.3962
FDY49_CHUKWUDI027,
FDH14_CHUKWUDI049,5688.4624
FDM51_CHUKWUDI013,3901.9995
FDF41_CHUKWUDI017,9950.117
NCQ53_CHUKWUDI017,9620.35
NCJ30_CHUKWUDI049,6662.2407
FDR01_CHUKWUDI019,
NCS54_CHUKWUDI049,7139.4233
FDC03_CHUKWUDI035,7657.3135
FDU58_CHUKWUDI018,7100.072
FDK27_CHUKWUDI017,4608.317
FDB08_CHUKWUDI017,6697.845
FDF28_CHUKWUDI017,4835.831
FDD09_CHUKWUDI017,7523.0947
NCX42_CHUKWUDI046,6842.0664
FDW19_CHUKWUDI018,3778.7866
FDG53_CHUKWUDI018,4943.394
FDR15_CHUKWUDI049,6298.8755
FDT59_CHUKWUDI035,9500.266
FDZ49_CHUKWUDI045,8741.139
NCZ18_CHUKWUDI019,
FDB38_CHUKWUDI019,
FDC14_CHUKWUDI013,1500.3453
FDC37_CHUKWUDI013,4196.815
FDC10_CHUKWUDI049,4795.8384
FDI04_CHUKWUDI035,8285.621
FDS16_CHUKWUDI035,6033.3633
FDA37_CHUKWUDI046,5120.2236
FDT24_CHUKWUDI010,286.6769
FDT07_CHUKWUDI019,
NCO29_CHUKWUDI045,6524.1387
FDH53_CHUKWUDI013,3261.3188
FDN45_CHUKWUDI035,9121.537
FDJ20_CHUKWUDI010,624.8998
FDJ26_CHUKWUDI027,
FDW12_CHUKWUDI045,5898.529
DRL60_CHUKWUDI018,5308.685
FDC38_CHUKWUDI035,5133.5586
FDT46_CHUKWUDI010,199.6648
FDT49_CHUKWUDI049,4355.712
FDS60_CHUKWUDI035,7371.5522
FDA03_CHUKWUDI049,5472.78
FDM01_CHUKWUDI046,3995.9604
FDW33_CHUKWUDI046,4234.8394
FDX52_CHUKWUDI018,7293.0234
FDE26_CHUKWUDI013,5722.7817
FDR10_CHUKWUDI049,6780.3804
FDE20_CHUKWUDI035,7289.9043
FDD29_CHUKWUDI017,10568.119
NCH18_CHUKWUDI035,10293.59
FDH19_CHUKWUDI046,7204.9663
FDU45_CHUKWUDI019,
DRD15_CHUKWUDI035,9366.013
FDI53_CHUKWUDI049,6399.7153
NCI06_CHUKWUDI018,6393.81
DRE60_CHUKWUDI035,9089.277
FDI45_CHUKWUDI049,7414.1875
FDP38_CHUKWUDI010,204.31981
FDJ48_CHUKWUDI035,10455.879
FDR43_CHUKWUDI013,1116.2815
DRC01_CHUKWUDI013,1829.0602
FDQ25_CHUKWUDI010,1115.9016
FDW40_CHUKWUDI018,4879.2837
DRG11_CHUKWUDI013,4177.042
FDP24_CHUKWUDI013,4572.3813
FDO34_CHUKWUDI013,6840.265
FDS15_CHUKWUDI046,4083.299
NCE18_CHUKWUDI045,10289.527
FDO40_CHUKWUDI027,
FDR51_CHUKWUDI045,5538.0083
FDU51_CHUKWUDI045,6753.473
FDE24_CHUKWUDI018,4780.0874
NCF18_CHUKWUDI018,6738.4185
FDW49_CHUKWUDI027,
NCF31_CHUKWUDI013,5907.5376
FDY27_CHUKWUDI018,6262.853
FDD58_CHUKWUDI046,4128.512
FDV04_CHUKWUDI010,847.3557
FDT03_CHUKWUDI018,6612.018
FDC53_CHUKWUDI046,4102.8677
FDL51_CHUKWUDI018,7589.511
FDZ44_CHUKWUDI019,
FDP40_CHUKWUDI013,4495.402
FDZ55_CHUKWUDI027,
NCV42_CHUKWUDI049,4236.647
NCE07_CHUKWUDI045,5536.2466
FDM15_CHUKWUDI045,5786.3096
NCX06_CHUKWUDI018,6557.707
FDE17_CHUKWUDI049,6124.1816
NCM54_CHUKWUDI013,4770.2114
FDZ59_CHUKWUDI013,6677.3677
FDZ15_CHUKWUDI049,4389.316
FDN23_CHUKWUDI013,5524.2
DRC24_CHUKWUDI018,5345.878
FDH12_CHUKWUDI049,4006.0
FDF21_CHUKWUDI035,8288.708
FDL20_CHUKWUDI019,
FDZ26_CHUKWUDI017,9241.224
FDU03_CHUKWUDI035,7236.1187
NCP06_CHUKWUDI018,5037.936
NCE18_CHUKWUDI035,10413.711
NCZ54_CHUKWUDI010,762.32764
FDV44_CHUKWUDI035,8208.03
NCP05_CHUKWUDI049,5938.1226
FDS16_CHUKWUDI049,5943.8335
FDZ38_CHUKWUDI027,
NCX05_CHUKWUDI019,
FDK50_CHUKWUDI018,5921.4473
FDT08_CHUKWUDI045,6073.7603
FDO22_CHUKWUDI013,3150.6094
NCS54_CHUKWUDI018,6404.481
FDG20_CHUKWUDI045,7032.139
FDF52_CHUKWUDI019,
NCN06_CHUKWUDI046,6424.2183
FDU31_CHUKWUDI049,9357.535
FDT52_CHUKWUDI017,10146.339
FDG16_CHUKWUDI049,8882.302
NCA18_CHUKWUDI010,417.41306
NCD19_CHUKWUDI013,1823.6809
FDP08_CHUKWUDI046,8022.393
DRE37_CHUKWUDI035,7880.563
FDA47_CHUKWUDI018,5690.553
NCG30_CHUKWUDI019,
FDF29_CHUKWUDI049,5328.7104
DRL01_CHUKWUDI019,
FDQ60_CHUKWUDI019,
FDW19_CHUKWUDI049,4491.9375
FDT07_CHUKWUDI027,
FDA10_CHUKWUDI017,4452.439
FDR11_CHUKWUDI045,5761.5483
FDJ44_CHUKWUDI010,1058.3416
FDA08_CHUKWUDI027,
FDS48_CHUKWUDI035,6277.564
NCO53_CHUKWUDI017,6853.6846
FDN44_CHUKWUDI046,6924.876
FDR15_CHUKWUDI035,6190.136
FDB29_CHUKWUDI049,4496.2964
NCN42_CHUKWUDI013,5774.2866
FDR55_CHUKWUDI018,7007.013
DRA12_CHUKWUDI018,4848.6855
FDS43_CHUKWUDI049,7979.5786
FDS23_CHUKWUDI049,4561.9497
NCB43_CHUKWUDI027,
NCS54_CHUKWUDI010,881.7942
NCG30_CHUKWUDI046,4625.2695
FDQ56_CHUKWUDI010,341.67203
FDG45_CHUKWUDI045,8619.948
NCR05_CHUKWUDI018,7213.149
FDZ56_CHUKWUDI013,7103.226
FDZ35_CHUKWUDI046,3937.7156
FDU58_CHUKWUDI027,
NCM43_CHUKWUDI013,6206.3276
FDH26_CHUKWUDI049,5714.4976
NCO17_CHUKWUDI019,
FDD17_CHUKWUDI017,9994.486
FDD48_CHUKWUDI018,3872.9746
FDU07_CHUKWUDI049,6187.355
FDH44_CHUKWUDI010,810.8408
FDQ44_CHUKWUDI017,4868.2593
FDA55_CHUKWUDI019,
FDJ32_CHUKWUDI013,2326.3628
NCR54_CHUKWUDI035,8205.711
FDP44_CHUKWUDI049,3990.0454
FDA47_CHUKWUDI013,6446.147
NCJ43_CHUKWUDI017,6924.636
FDD47_CHUKWUDI046,7229.1333
NCN07_CHUKWUDI013,4796.6816
FDB27_CHUKWUDI027,
NCO18_CHUKWUDI045,7002.564
DRD49_CHUKWUDI045,9329.236
FDN31_CHUKWUDI046,8177.228
NCS53_CHUKWUDI035,6323.783
FDD10_CHUKWUDI018,6481.861
FDU22_CHUKWUDI017,4519.3433
NCL53_CHUKWUDI017,6960.838
NCL05_CHUKWUDI013,1540.8108
DRB48_CHUKWUDI013,1294.5668
DRK01_CHUKWUDI049,3401.9
FDY56_CHUKWUDI027,
FDI41_CHUKWUDI017,5858.682
FDN04_CHUKWUDI027,
FDY09_CHUKWUDI019,
NCX42_CHUKWUDI019,
FDS12_CHUKWUDI010,561.12366
FDH26_CHUKWUDI018,4909.8174
DRI23_CHUKWUDI018,5378.0825
FDL15_CHUKWUDI019,
FDY34_CHUKWUDI045,6881.5015
FDQ37_CHUKWUDI027,
FDI22_CHUKWUDI019,
FDD21_CHUKWUDI049,4660.4214
FDT58_CHUKWUDI049,6840.8955
FDQ11_CHUKWUDI035,10615.178
FDR03_CHUKWUDI035,8645.637
DRF37_CHUKWUDI019,
DRK13_CHUKWUDI027,
DRK59_CHUKWUDI035,9813.773
FDI16_CHUKWUDI013,1670.3618
DRG51_CHUKWUDI046,6548.896
FDX11_CHUKWUDI049,7309.0366
FDG45_CHUKWUDI017,8762.012
DRK49_CHUKWUDI013,1388.1938
FDT32_CHUKWUDI027,
DRJ37_CHUKWUDI017,5831.421
NCN42_CHUKWUDI018,5038.5825
FDU04_CHUKWUDI046,5261.453
FDS52_CHUKWUDI046,4251.6587
FDJ53_CHUKWUDI018,3975.8298
DRE48_CHUKWUDI027,
FDQ58_CHUKWUDI049,6398.9634
FDM45_CHUKWUDI046,4827.5884
NCZ30_CHUKWUDI010,441.60336
FDO57_CHUKWUDI018,5567.4546
FDN39_CHUKWUDI027,
FDN31_CHUKWUDI049,7930.4673
FDH24_CHUKWUDI049,6355.614
NCX53_CHUKWUDI013,5649.9917
FDW47_CHUKWUDI046,4724.9517
FDU35_CHUKWUDI010,360.78174
FDT09_CHUKWUDI045,5182.8276
FDI60_CHUKWUDI010,204.71071
NCW06_CHUKWUDI045,7507.355
FDI24_CHUKWUDI035,7328.0947
FDM50_CHUKWUDI013,2168.3484
FDZ33_CHUKWUDI027,
FDX52_CHUKWUDI019,
FDD10_CHUKWUDI045,7175.5503
FDA44_CHUKWUDI010,209.86342
FDW51_CHUKWUDI027,
DRM35_CHUKWUDI045,6992.8945
FDE59_CHUKWUDI013,1328.6368
FDP51_CHUKWUDI046,4611.5854
FDP57_CHUKWUDI018,3256.2017
FDU48_CHUKWUDI010,608.77893
FDB33_CHUKWUDI035,6827.3926
FDQ31_CHUKWUDI013,3453.459
NCP53_CHUKWUDI017,9607.039
DRM37_CHUKWUDI018,7054.195
FDS58_CHUKWUDI046,6947.539
FDF52_CHUKWUDI017,7610.4917
FDB17_CHUKWUDI019,
DRG03_CHUKWUDI046,5913.4644
FDX45_CHUKWUDI013,6141.0034
FDY01_CHUKWUDI013,4303.787
FDS01_CHUKWUDI017,7355.404
FDF41_CHUKWUDI027,
FDH40_CHUKWUDI010,319.84204
FDM28_CHUKWUDI045,7355.692
FDW51_CHUKWUDI018,7857.5254
NCJ05_CHUKWUDI027,
FDJ57_CHUKWUDI018,7874.2026
FDN13_CHUKWUDI013,3442.1675
NCO42_CHUKWUDI045,5556.7954
FDS55_CHUKWUDI049,6080.6426
FDM20_CHUKWUDI027,
NCU42_CHUKWUDI018,6078.8325
FDT28_CHUKWUDI035,6150.308
FDD56_CHUKWUDI035,7309.149
FDM52_CHUKWUDI045,5933.1255
FDE02_CHUKWUDI013,3471.392
FDB38_CHUKWUDI027,
FDM51_CHUKWUDI010,470.6795
FDN34_CHUKWUDI017,6823.8726
FDT09_CHUKWUDI019,
FDW21_CHUKWUDI046,4203.738
FDA37_CHUKWUDI018,4134.3706
FDQ39_CHUKWUDI046,7858.977
FDS55_CHUKWUDI045,6083.419
NCK42_CHUKWUDI017,8845.515
FDB46_CHUKWUDI049,8759.139
DRL60_CHUKWUDI019,
NCQ02_CHUKWUDI049,7599.344
FDK20_CHUKWUDI018,4290.5273
FDS50_CHUKWUDI017,8602.689
FDT60_CHUKWUDI018,4081.3232
FDY49_CHUKWUDI049,6888.8184
FDI14_CHUKWUDI045,5432.5117
NCI18_CHUKWUDI049,9090.408
FDZ52_CHUKWUDI046,4353.522
FDN01_CHUKWUDI018,6281.898
FDC56_CHUKWUDI018,4082.638
FDF26_CHUKWUDI017,6208.6924
FDO56_CHUKWUDI010,559.56226
FDK45_CHUKWUDI013,5294.229
FDU51_CHUKWUDI027,
FDA52_CHUKWUDI049,6951.429
FDK28_CHUKWUDI017,10760.775
NCO42_CHUKWUDI027,
NCW41_CHUKWUDI045,6245.7114
FDX33_CHUKWUDI049,6343.9785
NCP54_CHUKWUDI017,4672.606
FDX58_CHUKWUDI027,
FDF14_CHUKWUDI049,6317.734
FDL09_CHUKWUDI045,6461.749
FDA07_CHUKWUDI049,5198.854
FDP26_CHUKWUDI013,3372.996
FDQ46_CHUKWUDI018,3532.8127
FDK26_CHUKWUDI035,7849.431
NCS53_CHUKWUDI046,6358.773
FDL56_CHUKWUDI013,3210.3608
FDQ33_CHUKWUDI035,5993.7295
NCC06_CHUKWUDI046,5045.7153
FDY38_CHUKWUDI045,8918.859
FDQ57_CHUKWUDI019,
NCI06_CHUKWUDI019,
FDU02_CHUKWUDI019,
FDT50_CHUKWUDI013,3147.3438
FDV34_CHUKWUDI010,280.58926
FDW28_CHUKWUDI045,7872.8926
FDX50_CHUKWUDI010,432.36594
FDR44_CHUKWUDI045,5115.3486
FDZ38_CHUKWUDI019,
DRM59_CHUKWUDI027,
DRM47_CHUKWUDI018,7062.4565
NCC54_CHUKWUDI045,9598.959
FDG41_CHUKWUDI049,4348.639
FDH17_CHUKWUDI013,3833.4312
DRD24_CHUKWUDI049,5688.8833
FDG21_CHUKWUDI019,
FDJ44_CHUKWUDI027,
DRM37_CHUKWUDI035,7907.556
FDE17_CHUKWUDI010,820.8201
FDJ21_CHUKWUDI045,5829.459
NCX17_CHUKWUDI045,9119.391
NCH42_CHUKWUDI035,9495.791
FDE46_CHUKWUDI019,
DRO47_CHUKWUDI017,4139.264
FDS04_CHUKWUDI018,5034.394
FDO28_CHUKWUDI019,
NCL29_CHUKWUDI046,6403.56
FDJ20_CHUKWUDI013,4948.1396
FDA31_CHUKWUDI018,6328.0347
NCO05_CHUKWUDI013,3673.4995
FDS20_CHUKWUDI017,7654.9053
FDG20_CHUKWUDI017,7075.2886
DRJ11_CHUKWUDI018,6767.536
FDZ36_CHUKWUDI046,7944.915
FDL21_CHUKWUDI013,1417.6765
FDF16_CHUKWUDI027,
FDR12_CHUKWUDI018,6327.113
NCA17_CHUKWUDI018,5010.0923
FDC11_CHUKWUDI013,3362.957
FDO56_CHUKWUDI019,
NCU42_CHUKWUDI027,
FDP19_CHUKWUDI010,666.84296
FDO48_CHUKWUDI045,9052.767
FDY01_CHUKWUDI018,3516.9785
FDC04_CHUKWUDI045,9574.909
FDX49_CHUKWUDI017,9561.359
DRG36_CHUKWUDI027,
FDF17_CHUKWUDI049,8182.7886
DRF15_CHUKWUDI018,5149.522
FDY08_CHUKWUDI010,733.8213
FDO57_CHUKWUDI049,6363.998
NCY18_CHUKWUDI027,
NCF43_CHUKWUDI045,5453.314
DRF23_CHUKWUDI017,6685.1333
NCT42_CHUKWUDI045,5824.721
DRZ11_CHUKWUDI013,4564.16
NCS18_CHUKWUDI018,3279.3462
DRH13_CHUKWUDI013,4166.0073
FDD34_CHUKWUDI017,6728.0034
FDV44_CHUKWUDI045,7936.845
NCY41_CHUKWUDI010,198.63383
FDT15_CHUKWUDI018,6584.549
FDD51_CHUKWUDI013,953.65314
DRG23_CHUKWUDI018,5531.64
FDX15_CHUKWUDI018,5288.273
FDP15_CHUKWUDI027,
FDC15_CHUKWUDI018,4886.344
NCU53_CHUKWUDI013,6618.012
FDK26_CHUKWUDI049,7801.404
FDA20_CHUKWUDI049,7921.6904
NCF42_CHUKWUDI019,
FDZ03_CHUKWUDI018,6634.14
FDL02_CHUKWUDI046,4174.363
FDV35_CHUKWUDI018,4867.1196
FDF12_CHUKWUDI027,
NCT41_CHUKWUDI035,6086.6064
DRK37_CHUKWUDI027,
NCQ42_CHUKWUDI019,
FDJ55_CHUKWUDI049,9386.389
FDV20_CHUKWUDI035,5192.0347
NCD54_CHUKWUDI035,5643.0693
FDR55_CHUKWUDI027,
NCK07_CHUKWUDI035,6433.7856
NCZ29_CHUKWUDI013,4754.054
FDT21_CHUKWUDI035,10604.308
DRF13_CHUKWUDI017,5732.9727
FDJ20_CHUKWUDI018,4114.4146
FDX52_CHUKWUDI035,8246.262
FDS43_CHUKWUDI027,
NCP06_CHUKWUDI046,6076.319
NCM41_CHUKWUDI049,3441.6025
FDW04_CHUKWUDI046,5392.016
FDU40_CHUKWUDI046,8169.7417
NCS30_CHUKWUDI035,4888.7104
FDD35_CHUKWUDI017,4899.0967
FDQ07_CHUKWUDI027,
DRE49_CHUKWUDI010,826.5608
FDE50_CHUKWUDI035,7926.963
DRD60_CHUKWUDI018,6467.67
NCS29_CHUKWUDI019,
FDR60_CHUKWUDI013,2567.7793
FDE16_CHUKWUDI049,8770.394
NCK29_CHUKWUDI046,5112.607
FDZ03_CHUKWUDI046,7282.7583
FDW31_CHUKWUDI017,8250.449
NCH07_CHUKWUDI019,
NCN05_CHUKWUDI049,7426.7925
FDH24_CHUKWUDI035,6433.5728
FDC14_CHUKWUDI010,186.42506
FDM25_CHUKWUDI027,
FDQ12_CHUKWUDI045,9526.657
FDS34_CHUKWUDI049,4361.3955
FDI35_CHUKWUDI049,7675.765
FDV60_CHUKWUDI027,
NCV41_CHUKWUDI046,4580.5366
FDW39_CHUKWUDI018,6434.6343
FDB40_CHUKWUDI018,4780.2886
FDX32_CHUKWUDI018,5010.406
FDX37_CHUKWUDI049,3864.4175
FDZ35_CHUKWUDI049,3787.3262
